Total memory size (Gb)	Stacked die count	Page size	Chip IO width	Activation energy	Area efficiency	Precharge energy	Read energy	Write energy	t_CAS	t_RAS	t_RC	t_RCD	t_RP	t_RRD
"	1.0	 "	"		 "	"	16384	 "	"	1024	 "	"	0.981558	 "	"	27.6654	 "	"	0.878494	 "	"	5.38322	 "	"	5.38325	 "	"	25	 "	"	32	 "	"	44	 "	"	19	 "	"	13	 "	"	4	 "
"	2.0	 "	"		 "	"	16384	 "	"	1024	 "	"	1.0609	 "	"	27.9722	 "	"	0.878526	 "	"	9.9694	 "	"	9.96943	 "	"	54	 "	"	36	 "	"	48	 "	"	20	 "	"	13	 "	"	6	 "
"	4.0	 "	"		 "	"	16384	 "	"	1024	 "	"	1.22844	 "	"	28.1919	 "	"	0.878557	 "	"	19.1348	 "	"	19.1348	 "	"	153	 "	"	44	 "	"	56	 "	"	22	 "	"	13	 "	"	12	 "
"	1.0	 "	"	4	 "	"	16384	 "	"	1024	 "	"	1.43541	 "	"	26.6045	 "	"	1.38755	 "	"	2.44726	 "	"	2.44729	 "	"	15	 "	"	31	 "	"	43	 "	"	20	 "	"	14	 "	"	3	 "
"	2.0	 "	"	4	 "	"	16384	 "	"	1024	 "	"	1.45362	 "	"	27.2115	 "	"	1.38807	 "	"	3.59727	 "	"	3.5973	 "	"	18	 "	"	32	 "	"	44	 "	"	20	 "	"	14	 "	"	3	 "
"	4.0	 "	"	4	 "	"	16384	 "	"	1024	 "	"	1.49164	 "	"	27.6501	 "	"	1.38858	 "	"	5.8933	 "	"	5.89333	 "	"	28	 "	"	34	 "	"	46	 "	"	21	 "	"	14	 "	"	5	 "
